platform,subreddit,title,author,date,date_full,upvotes,upvote_ratio,comments,url,selftext_length,is_self,link_flair_text,post_id,source_label,datetime,title_clean,engagement_score,comment_ratio,is_controversial,is_viral,title_length,title_word_count,has_question,has_exclamation,title_caps_ratio,hour,day_of_week,is_weekend,month,quarter,year_quarter
Reddit,r/ClaudeAI,Taught Claude to talk like a caveman to use 75% less tokens.,ffatty,2026-04-03,2026-04-03 18:19:27,9172,0.94,421,https://reddit.com/r/ClaudeAI/comments/1sble09/taught_claude_to_talk_like_a_caveman_to_use_75/,0,False,Other,1sble09,claudeai_top_all,2026-04-03 18:19:27,Taught Claude to talk like a caveman to use 75% less tokens.,11277,0.045900566942869606,False,True,60,12,False,False,0.03333333333333333,18,Friday,False,4,2,2026Q2
Reddit,r/ClaudeAI,Why the majority of vibe coded projects fail,harrysofgaming,2026-03-13,2026-03-13 23:15:27,8166,0.98,729,https://reddit.com/r/ClaudeAI/comments/1rt31th/why_the_majority_of_vibe_coded_projects_fail/,0,False,Vibe Coding,1rt31th,claudeai_top_all,2026-03-13 23:15:27,Why the majority of vibe coded projects fail,11811,0.08927259368111683,False,True,44,8,False,False,0.022727272727272728,23,Friday,False,3,1,2026Q1
Reddit,r/ClaudeAI,Good job Anthropic 👏🏻 you just became the top closed Ai company in my books,No_Vehicle7826,2026-02-17,2026-02-17 07:28:40,7368,0.96,429,https://reddit.com/r/ClaudeAI/comments/1r6zn7j/good_job_anthropic_you_just_became_the_top_closed/,0,False,News,1r6zn7j,claudeai_top_all,2026-02-17 07:28:40,Good job Anthropic 👏🏻 you just became the top closed Ai company in my books,9513,0.05822475570032573,False,True,75,15,False,False,0.04,7,Tuesday,False,2,1,2026Q1
Reddit,r/ClaudeAI,Claude’s extended thinking found out about Iran in real time,schuttdev,2026-03-01,2026-03-01 22:46:43,7085,0.99,178,https://reddit.com/r/ClaudeAI/comments/1ribnke/claudes_extended_thinking_found_out_about_iran_in/,98,False,Humor,1ribnke,claudeai_top_all,2026-03-01 22:46:43,Claude’s extended thinking found out about Iran in real time,7975,0.025123500352858152,False,False,60,10,False,False,0.03333333333333333,22,Sunday,True,3,1,2026Q1
Reddit,r/ClaudeAI,"Outside Anthropic Office in SF ""Thank You""",BuildwithVignesh,2026-02-27,2026-02-27 20:40:27,7061,0.98,204,https://reddit.com/r/ClaudeAI/comments/1rgi8im/outside_anthropic_office_in_sf_thank_you/,64,False,Praise,1rgi8im,claudeai_top_all,2026-02-27 20:40:27,"Outside Anthropic Office in SF ""Thank You""",8081,0.028891091913326724,False,False,42,7,False,False,0.16666666666666666,20,Friday,False,2,1,2026Q1
Reddit,r/ClaudeAI,Caught red handed,MetaKnowing,2026-03-09,2026-03-09 11:15:51,6507,0.98,146,https://reddit.com/r/ClaudeAI/comments/1roxf97/caught_red_handed/,0,False,Humor,1roxf97,claudeai_top_all,2026-03-09 11:15:51,Caught red handed,7237,0.02243737513447057,False,False,17,3,False,False,0.058823529411764705,11,Monday,False,3,1,2026Q1
Reddit,r/ClaudeAI,Claude has overtaken ChatGPT in the Apple App Store,Pure_Perception7328,2026-02-28,2026-02-28 23:01:47,6437,0.98,219,https://reddit.com/r/ClaudeAI/comments/1rhgsjz/claude_has_overtaken_chatgpt_in_the_apple_app/,0,False,Praise,1rhgsjz,claudeai_top_all,2026-02-28 23:01:47,Claude has overtaken ChatGPT in the Apple App Store,7532,0.03402205996582259,False,False,51,9,False,False,0.1568627450980392,23,Saturday,True,2,1,2026Q1
Reddit,r/ClaudeAI,25 years. Multiple specialists. Zero answers. One Claude conversation cracked it.,the_kuka,2026-03-26,2026-03-26 08:08:06,5610,0.68,1087,https://reddit.com/r/ClaudeAI/comments/1s41fny/25_years_multiple_specialists_zero_answers_one/,2101,False,NOT about coding,1s41fny,claudeai_top_all,2026-03-26 08:08:06,25 years. Multiple specialists. Zero answers. One Claude conversation cracked it.,11045,0.19376114081996434,True,True,81,11,False,False,0.04938271604938271,8,Thursday,False,3,1,2026Q1
Reddit,r/ClaudeAI,i dug through claude code's leaked source and anthropic's codebase is absolutely unhinged,Clear_Reserve_8089,2026-03-31,2026-03-31 12:07:47,5408,0.92,658,https://reddit.com/r/ClaudeAI/comments/1s8lkkm/i_dug_through_claude_codes_leaked_source_and/,5088,True,:redditgold: Workaround,1s8lkkm,claudeai_top_all,2026-03-31 12:07:47,i dug through claude code's leaked source and anthropic's codebase is absolutely unhinged,8698,0.12167159763313609,False,False,89,13,False,False,0.0,12,Tuesday,False,3,1,2026Q1
Reddit,r/ClaudeAI,Just in case,JerryH_,2026-03-19,2026-03-19 16:41:31,5047,0.99,82,https://reddit.com/r/ClaudeAI/comments/1ry5hkp/just_in_case/,0,False,Humor,1ry5hkp,claudeai_top_all,2026-03-19 16:41:31,Just in case,5457,0.016247275609272836,False,False,12,3,False,False,0.08333333333333333,16,Thursday,False,3,1,2026Q1
Reddit,r/ClaudeAI,Brother,Technical-Relation-9,2026-04-01,2026-04-01 12:21:06,4809,0.98,54,https://reddit.com/r/ClaudeAI/comments/1s9iyp3/brother/,0,False,Humor,1s9iyp3,claudeai_top_all,2026-04-01 12:21:06,Brother,5079,0.011228945726762321,False,False,7,1,False,False,0.14285714285714285,12,Wednesday,False,4,2,2026Q2
Reddit,r/ClaudeAI,Giving Claude access to my MacBook / macOS,namebrained,2026-03-26,2026-03-26 00:40:59,4674,0.98,119,https://reddit.com/r/ClaudeAI/comments/1s3ss8s/giving_claude_access_to_my_macbook_macos/,17,False,Question,1s3ss8s,claudeai_top_all,2026-03-26 00:40:59,Giving Claude access to my MacBook / macOS,5269,0.025459991442019683,False,False,42,8,False,False,0.14285714285714285,0,Thursday,False,3,1,2026Q1
Reddit,r/ClaudeAI,Claude watching me write code manually after I hit the daily limit,Technical-Relation-9,2026-03-28,2026-03-28 02:42:16,4546,0.99,104,https://reddit.com/r/ClaudeAI/comments/1s5ok5r/claude_watching_me_write_code_manually_after_i/,2,False,Humor,1s5ok5r,claudeai_top_all,2026-03-28 02:42:16,Claude watching me write code manually after I hit the daily limit,5066,0.02287725472943247,False,False,66,12,False,False,0.030303030303030304,2,Saturday,True,3,1,2026Q1
Reddit,r/ClaudeAI,Claude just gave me access to another user’s legal documents,Raton-Raton,2026-02-19,2026-02-19 18:48:59,4408,0.94,275,https://reddit.com/r/ClaudeAI/comments/1r97osm/claude_just_gave_me_access_to_another_users_legal/,599,False,Bug,1r97osm,claudeai_top_all,2026-02-19 18:48:59,Claude just gave me access to another user’s legal documents,5783,0.06238656987295826,False,False,60,10,False,False,0.016666666666666666,18,Thursday,False,2,1,2026Q1
Reddit,r/ClaudeAI,"BREAKING: Anthropic donates ""Model Context Protocol"" (MCP) to the Linux Foundation making it the official open standard for Agentic AI",BuildwithVignesh,2025-12-09,2025-12-09 17:14:35,4378,0.96,116,https://reddit.com/r/ClaudeAI/comments/1pid584/breaking_anthropic_donates_model_context_protocol/,628,False,News,1pid584,claudeai_top_all,2025-12-09 17:14:35,"BREAKING: Anthropic donates ""Model Context Protocol"" (MCP) to the Linux Foundation making it the official open standard for Agentic AI",4958,0.026496116948378255,False,False,134,20,False,False,0.14925373134328357,17,Tuesday,False,12,4,2025Q4
Reddit,r/ClaudeAI,Looks like Anthropic's NO to the DOW has made it to Tumps twitter feed,Plinian,2026-02-27,2026-02-27 21:05:21,4281,0.97,745,https://reddit.com/r/ClaudeAI/comments/1rgivx2/looks_like_anthropics_no_to_the_dow_has_made_it/,0,False,News,1rgivx2,claudeai_top_all,2026-02-27 21:05:21,Looks like Anthropic's NO to the DOW has made it to Tumps twitter feed,8006,0.1740247605699603,False,False,70,14,False,False,0.11428571428571428,21,Friday,False,2,1,2026Q1
Reddit,r/ClaudeAI,I used Claude Code to reverse engineer a 13-year-old game binary and crack a restriction nobody had solved — the community is losing it,CelebrationFew1755,2026-03-15,2026-03-15 03:27:56,4057,0.96,230,https://reddit.com/r/ClaudeAI/comments/1ru3irp/i_used_claude_code_to_reverse_engineer_a/,3383,False,Built with Claude,1ru3irp,claudeai_top_all,2026-03-15 03:27:56,I used Claude Code to reverse engineer a 13-year-old game binary and crack a restriction nobody had solved — the community is losing it,5207,0.05669213704707912,False,False,135,24,False,False,0.022222222222222223,3,Sunday,True,3,1,2026Q1
Reddit,r/ClaudeAI,POV: you're about to lose your job to AI,MetaKnowing,2026-02-05,2026-02-05 15:53:13,4051,0.97,182,https://reddit.com/r/ClaudeAI/comments/1qwoxjr/pov_youre_about_to_lose_your_job_to_ai/,0,False,Humor,1qwoxjr,claudeai_top_all,2026-02-05 15:53:13,POV: you're about to lose your job to AI,4961,0.044927178474450755,False,False,40,9,False,False,0.125,15,Thursday,False,2,1,2026Q1
Reddit,r/ClaudeAI,"""Claude, make a video about what it's like to be an LLM""",MetaKnowing,2026-03-11,2026-03-11 11:10:03,3985,0.98,273,https://reddit.com/r/ClaudeAI/comments/1rqqtes/claude_make_a_video_about_what_its_like_to_be_an/,271,False,Other,1rqqtes,claudeai_top_all,2026-03-11 11:10:03,"""Claude, make a video about what it's like to be an LLM""",5350,0.0685069008782936,False,False,56,12,False,False,0.07142857142857142,11,Wednesday,False,3,1,2026Q1
Reddit,r/ClaudeAI,Just picked up a new keyboard - can't wait to write a bunch of code with it,NinjaGraphics,2026-03-12,2026-03-12 15:43:47,3922,0.98,119,https://reddit.com/r/ClaudeAI/comments/1rru8zw/just_picked_up_a_new_keyboard_cant_wait_to_write/,19,False,Humor,1rru8zw,claudeai_top_all,2026-03-12 15:43:47,Just picked up a new keyboard - can't wait to write a bunch of code with it,4517,0.030341662417134114,False,False,75,17,False,False,0.013333333333333334,15,Thursday,False,3,1,2026Q1
Reddit,r/ClaudeAI,Mean ahh claude 😭,Secure-Tea6702,2026-01-09,2026-01-09 08:47:56,3802,0.98,82,https://reddit.com/r/ClaudeAI/comments/1q837st/mean_ahh_claude/,0,False,Humor,1q837st,claudeai_top_all,2026-01-09 08:47:56,Mean ahh claude 😭,4212,0.021567596002104155,False,False,17,4,False,False,0.058823529411764705,8,Friday,False,1,1,2026Q1
Reddit,r/ClaudeAI,This new Claude update is crazy,MetaKnowing,2026-03-25,2026-03-25 11:23:21,3785,0.98,165,https://reddit.com/r/ClaudeAI/comments/1s37yiy/this_new_claude_update_is_crazy/,0,False,Humor,1s37yiy,claudeai_top_all,2026-03-25 11:23:21,This new Claude update is crazy,4610,0.043593130779392336,False,False,31,6,False,False,0.06451612903225806,11,Wednesday,False,3,1,2026Q1
Reddit,r/ClaudeAI,things that claude say (part 2),Neither_Finance4755,2026-04-03,2026-04-03 05:32:39,3722,0.97,87,https://reddit.com/r/ClaudeAI/comments/1sb4w67/things_that_claude_say_part_2/,0,False,Humor,1sb4w67,claudeai_top_all,2026-04-03 05:32:39,things that claude say (part 2),4157,0.02337452982267598,False,False,31,6,False,False,0.0,5,Friday,False,4,2,2026Q2
Reddit,r/ClaudeAI,Whenever I pour my heart out to Claude a little…,porcupine-pete,2026-03-16,2026-03-16 20:10:40,3366,0.95,382,https://reddit.com/r/ClaudeAI/comments/1rvkpd5/whenever_i_pour_my_heart_out_to_claude_a_little/,44,False,Humor,1rvkpd5,claudeai_top_all,2026-03-16 20:10:40,Whenever I pour my heart out to Claude a little...,5276,0.11348781937017231,False,False,50,10,False,False,0.06,20,Monday,False,3,1,2026Q1
Reddit,r/ClaudeAI,💀,Edgerthe1st,2026-04-03,2026-04-03 12:56:05,3352,0.97,81,https://reddit.com/r/ClaudeAI/comments/1sbcukr/_/,0,False,Humor,1sbcukr,claudeai_top_all,2026-04-03 12:56:05,💀,3757,0.02416467780429594,False,False,1,1,False,False,0.0,12,Friday,False,4,2,2026Q2
Reddit,r/ClaudeAI,Claude helped me get a traffic light reprogrammed in my town,lennyp4,2026-03-10,2026-03-10 00:27:14,3348,0.98,160,https://reddit.com/r/ClaudeAI/comments/1rphxvk/claude_helped_me_get_a_traffic_light_reprogrammed/,108,False,Writing,1rphxvk,claudeai_top_all,2026-03-10 00:27:14,Claude helped me get a traffic light reprogrammed in my town,4148,0.04778972520908005,False,False,60,11,False,False,0.016666666666666666,0,Tuesday,False,3,1,2026Q1
Reddit,r/ClaudeAI,"I've been ""gaslighting"" my AI models and it's producing insanely better results with simple prompt injection",naculalex,2026-03-28,2026-03-28 10:22:27,3340,0.95,226,https://reddit.com/r/ClaudeAI/comments/1s5wp0g/ive_been_gaslighting_my_ai_models_and_its/,2365,True,Vibe Coding,1s5wp0g,claudeai_top_all,2026-03-28 10:22:27,"I've been ""gaslighting"" my AI models and it's producing insanely better results with simple prompt injection",4470,0.06766467065868263,False,False,108,16,False,False,0.027777777777777776,10,Saturday,True,3,1,2026Q1
Reddit,r/ClaudeAI,Official: Anthropic declared a plan for Claude to remain ad-free,BuildwithVignesh,2026-02-04,2026-02-04 13:04:19,3324,0.94,242,https://reddit.com/r/ClaudeAI/comments/1qvo0ps/official_anthropic_declared_a_plan_for_claude_to/,70,False,News,1qvo0ps,claudeai_top_all,2026-02-04 13:04:19,Official: Anthropic declared a plan for Claude to remain ad-free,4534,0.07280385078219014,False,False,64,10,False,False,0.046875,13,Wednesday,False,2,1,2026Q1
Reddit,r/ClaudeAI,Anthropic has opened up its entire educational curriculum for free,Strong_Roll9764,2026-02-28,2026-02-28 17:52:17,3249,0.97,117,https://reddit.com/r/ClaudeAI/comments/1rh92yp/anthropic_has_opened_up_its_entire_educational/,1217,True,Suggestion,1rh92yp,claudeai_top_all,2026-02-28 17:52:17,Anthropic has opened up its entire educational curriculum for free,3834,0.036011080332409975,False,False,66,10,False,False,0.015151515151515152,17,Saturday,True,2,1,2026Q1
Reddit,r/ClaudeAI,They are absolutely insane,Purple_Wear_5397,2026-03-02,2026-03-02 20:09:10,3117,0.97,160,https://reddit.com/r/ClaudeAI/comments/1rj3oax/they_are_absolutely_insane/,60,False,News,1rj3oax,claudeai_top_all,2026-03-02 20:09:10,They are absolutely insane,3917,0.05133140840551813,False,False,26,4,False,False,0.038461538461538464,20,Monday,False,3,1,2026Q1
Reddit,r/ClaudeAI,Thanks for ruining everything.,shadows_lord,2025-07-28,2025-07-28 19:08:34,3016,0.96,112,https://reddit.com/r/ClaudeAI/comments/1mbpa4p/thanks_for_ruining_everything/,102,False,News,1mbpa4p,claudeai_top_all,2025-07-28 19:08:34,Thanks for ruining everything.,3576,0.03713527851458886,False,False,30,4,False,False,0.03333333333333333,19,Monday,False,7,3,2025Q3
Reddit,r/ClaudeAI,Shots Fired,EstablishmentFun3205,2025-03-21,2025-03-21 04:49:39,2996,0.98,430,https://reddit.com/r/ClaudeAI/comments/1jg91lt/shots_fired/,0,False,"General: Philosophy, science and social issues",1jg91lt,claudeai_top_all,2025-03-21 04:49:39,Shots Fired,5146,0.14352469959946595,False,False,11,2,False,False,0.18181818181818182,4,Friday,False,3,1,2025Q1
Reddit,r/ClaudeAI,"Claude Code creator Boris shares his setup with 13 detailed steps,full details below",BuildwithVignesh,2026-01-02,2026-01-02 22:00:27,2968,0.97,180,https://reddit.com/r/ClaudeAI/comments/1q2c0ne/claude_code_creator_boris_shares_his_setup_with/,5683,False,News,1q2c0ne,claudeai_top_all,2026-01-02 22:00:27,"Claude Code creator Boris shares his setup with 13 detailed steps,full details below",3868,0.06064690026954178,False,False,84,13,False,False,0.03571428571428571,22,Friday,False,1,1,2026Q1
Reddit,r/ClaudeAI,You’re all lucky to be here when it started,_Motoma_,2026-03-08,2026-03-08 21:07:42,2838,0.9,831,https://reddit.com/r/ClaudeAI/comments/1rogixd/youre_all_lucky_to_be_here_when_it_started/,731,True,Philosophy,1rogixd,claudeai_top_all,2026-03-08 21:07:42,You’re all lucky to be here when it started,6993,0.2928118393234672,True,False,43,9,False,False,0.023255813953488372,21,Sunday,True,3,1,2026Q1
Reddit,r/ClaudeAI,What are dead giveaways for AI slop websites?,Kill_4209,2026-03-29,2026-03-29 05:24:08,2819,0.98,206,https://reddit.com/r/ClaudeAI/comments/1s6mm8o/what_are_dead_giveaways_for_ai_slop_websites/,230,False,Vibe Coding,1s6mm8o,claudeai_top_all,2026-03-29 05:24:08,What are dead giveaways for AI slop websites?,3849,0.07307555870876198,False,False,45,8,True,False,0.06666666666666667,5,Sunday,True,3,1,2026Q1
Reddit,r/ClaudeAI,Dev jobs are about to get a hard reset and nobody’s ready,Deep_Tale1585,2025-06-22,2025-06-22 05:32:38,2798,0.82,1093,https://reddit.com/r/ClaudeAI/comments/1lhgdbd/dev_jobs_are_about_to_get_a_hard_reset_and/,1572,True,Coding,1lhgdbd,claudeai_top_all,2025-06-22 05:32:38,Dev jobs are about to get a hard reset and nobody’s ready,8263,0.3906361686919228,True,False,57,12,False,False,0.017543859649122806,5,Sunday,True,6,2,2025Q2
Reddit,r/ClaudeAI,Does this work?!,ipumbassi,2025-07-06,2025-07-06 23:04:33,2770,0.98,158,https://reddit.com/r/ClaudeAI/comments/1lterjp/does_this_work/,0,False,Humor,1lterjp,claudeai_top_all,2025-07-06 23:04:33,Does this work?!,3560,0.05703971119133574,False,False,16,3,True,True,0.0625,23,Sunday,True,7,3,2025Q3
Reddit,r/ClaudeAI,I Uploaded a 27-Year-Old EXE File to Claude 3.7 and What Happened Next Blew My Mind,cwil192,2025-02-26,2025-02-26 18:34:52,2755,0.94,301,https://reddit.com/r/ClaudeAI/comments/1iyumpf/i_uploaded_a_27yearold_exe_file_to_claude_37_and/,4949,True,Feature: Claude Code tool,1iyumpf,claudeai_top_all,2025-02-26 18:34:52,I Uploaded a 27-Year-Old EXE File to Claude 3.7 and What Happened Next Blew My Mind,4260,0.10925589836660617,False,False,83,16,False,False,0.18072289156626506,18,Wednesday,False,2,1,2025Q1
Reddit,r/ClaudeAI,I laugh so hard when it happens,nickolasdeluca,2026-03-03,2026-03-03 23:12:48,2748,0.98,92,https://reddit.com/r/ClaudeAI/comments/1rk4tkh/i_laugh_so_hard_when_it_happens/,0,False,Humor,1rk4tkh,claudeai_top_all,2026-03-03 23:12:48,I laugh so hard when it happens,3208,0.033478893740902474,False,False,31,7,False,False,0.03225806451612903,23,Tuesday,False,3,1,2026Q1
Reddit,r/ClaudeAI,I blew $417 on Claude Code to build a word game. Here's the brutal truth.,itsnotatumour,2025-04-02,2025-04-02 02:01:59,2738,0.97,627,https://reddit.com/r/ClaudeAI/comments/1jpddbf/i_blew_417_on_claude_code_to_build_a_word_game/,3622,True,Feature: Claude Code tool,1jpddbf,claudeai_top_all,2025-04-02 02:01:59,I blew $417 on Claude Code to build a word game. Here's the brutal truth.,5873,0.2289992695398101,True,False,73,15,False,False,0.0547945205479452,2,Wednesday,False,4,2,2025Q2
