platform,video_id,channel,channel_id,title,date,views,likes,comments,duration,url,search_query,tags,description_snippet,channel_subscribers,title_clean,engagement_score,like_ratio,comment_ratio,is_viral,title_length,title_word_count,has_question,has_exclamation,title_caps_ratio,creator_tier,month,quarter,year_quarter,sentiment_compound,sentiment_pos,sentiment_neg,sentiment_label,top_keywords,competitors_mentioned,features_mentioned,mentions_competitor,ai_llm_content_category,ai_llm_sentiment,ai_llm_virality_potential,ai_llm_growth_type,ai_llm_target_audience,ai_llm_key_insight,classification_source
YouTube,PAtlYn8M4ag,CarterPCs,UCi7wDE2ZTiR5QYYrUY5WhtA,It’s time to switch from ChatGPT #carterpcs #tech #chatgpt #ai #claude,2026-03-04,3922070,135452,2739,PT34S,https://youtube.com/watch?v=PAtlYn8M4ag,Claude AI,,It’s time to switch from ChatGPT #carterpcs #tech #chatgpt #ai #claude,2240000,It’s time to switch from ChatGPT #carterpcs #tech #chatgpt #ai #claude,5331370,0.0345358445922688,0.0006983557152218,True,70,11,False,False,0.0714285714285714,Mega,3,1,2026Q1,0.0,0.0,0.0,Neutral,chatgpt|carterpcs|ai claude|ai|claude,ChatGPT,,True,comparison,positive,high,competitive,general,,openai
YouTube,h3AtWdeu_G0,Senator Bernie Sanders,UCD_DaKNac0Ta-2PeHuoQ1uA,Bernie vs. Claude,2026-03-19,3626297,191204,17857,PT9M18S,https://youtube.com/watch?v=h3AtWdeu_G0,Claude AI,bernie sanders|senate|senator|bernard sanders|congress,"I spoke to Anthropic’s AI agent Claude about AI collecting massive amounts of personal data and how that information is being used to violate our privacy rights.

What an AI agent says about the dange",1290000,Bernie vs. Claude,5895477,0.0527270656540266,0.0049243070824038,True,17,3,False,False,0.1176470588235294,Mega,3,1,2026Q1,0.0,0.0,0.0,Neutral,vs claude|vs|claude,,,False,comparison,neutral,medium,educational,general,,openai
YouTube,Aq1WyzeNdXY,Alberta Tech,UCkdgAA0rfK7lG5dv4o__Paw,Claude vs the US Government,2026-03-01,3299262,117473,2917,PT43S,https://youtube.com/watch?v=Aq1WyzeNdXY,Claude AI,,,417000,Claude vs the US Government,4532332,0.0356058415488069,0.0008841371191496,True,27,5,False,False,0.1481481481481481,Macro,3,1,2026Q1,0.0,0.0,0.0,Neutral,vs|claude,,,False,comparison,neutral,medium,educational,general,,openai
YouTube,mBHRPeg8zPU,Fireship,UCsBjURrPoezykLs9EqgamOA,Tragic mistake... Anthropic leaks Claude’s source code,2026-04-01,2682735,91890,4713,PT7M22S,https://youtube.com/watch?v=mBHRPeg8zPU,Claude AI,webdev|app development|lesson|tutorial|anthropic,"Anthropic accidentally leaked Claude Code's source code to the entire internet. Let's take a look...

#coding #programming #claude #ai

🔖 Topics Covered
- Claude source code leak
- What's in the leak?",4170000,Tragic mistake... Anthropic leaks Claude’s source code,3695895,0.0342523581345157,0.0017567892467947,True,54,7,False,False,0.0555555555555555,Mega,4,2,2026Q2,-0.4588,0.0,0.333,Negative,anthropic|code|claude,,,False,news,negative,medium,reactive,general,,openai
YouTube,PuntlO3wLUQ,CarterPCs,UCi7wDE2ZTiR5QYYrUY5WhtA,Which AI do I trust the most?? (Top 5 List) #carterpcs #tech #ai #chatgpt #claude,2026-03-19,2434874,110719,1987,PT42S,https://youtube.com/watch?v=PuntlO3wLUQ,Claude AI,,Which AI do I trust the most?? (Top 5 List) #carterpcs #tech #ai #chatgpt #claude,2240000,Which AI do I trust the most?? (Top 5 List) #carterpcs #tech #ai #chatgpt #claude,3581804,0.0454721681696876,0.0008160586543697,False,81,15,True,False,0.074074074074074,Mega,3,1,2026Q1,0.5661,0.234,0.0,Positive,ai|chatgpt|carterpcs|claude,ChatGPT,,True,comparison,neutral,medium,educational,general,,openai
YouTube,K4SX2dNQ7VU,CarterPCs,UCi7wDE2ZTiR5QYYrUY5WhtA,This AI is officially an enemy of the US government #ai #claude #anthropic #carterpcs #trump,2026-03-01,2138309,83950,2139,PT25S,https://youtube.com/watch?v=K4SX2dNQ7VU,Claude AI,,This AI is officially an enemy of the US government #ai #claude #anthropic #carterpcs #trump,2240000,This AI is officially an enemy of the US government #ai #claude #anthropic #carterpcs #trump,3020589,0.039259994696744,0.0010003231525471,False,92,15,False,False,0.0543478260869565,Mega,3,1,2026Q1,-0.5423,0.0,0.2,Negative,ai|carterpcs|anthropic|ai claude|claude,,,False,news,negative,medium,reactive,general,,openai
YouTube,ACE6FUTiuqk,Rookiechess,UC66p3oi4Ve3LDSE8kt6qkow,Grok vs Claude ( part 2 ) 🧠🔥 #chess  #chessedits,2026-03-19,1844020,0,805,PT24S,https://youtube.com/watch?v=ACE6FUTiuqk,Claude AI,chess|chess.com|chessedits,"Grok vs Claude but they DESTROYED chess completely 😭♟️
Funniest AI chess moments | AI vs AI battle | chess gone wrong 💀🔥

Grok: casually summons 5 rooks out of nowhere 💀
Claude: promotes a pawn… into ",16100,Grok vs Claude ( part 2 ) 🧠🔥 #chess #chessedits,1860120,0.0,0.0004365462413639,False,47,10,False,False,0.0425531914893617,Mid,3,1,2026Q1,0.0,0.0,0.0,Neutral,vs claude|vs|claude,Grok,,True,comparison,neutral,low,educational,general,,openai
YouTube,oltt1pIYtyY,FatherPhi,UCIw9p-0zI1rEPEs_SS6fDkg,Claude FAILS to spell numbers under 1000                     #ai #Claude,2026-03-07,1539477,34530,2871,PT1M23S,https://youtube.com/watch?v=oltt1pIYtyY,Claude AI,,"Vote for the next video here
👇👇👇
https://FatherPhi.com

For the weekly brief on accessible and practical Ai usage + updates on our latest mission join the newsletter
💌 https://master-of-ai.com

And si",132000,Claude FAILS to spell numbers under 1000 #ai #Claude,1942197,0.0224296952796306,0.0018649190601743,False,52,9,False,False,0.1346153846153846,Macro,3,1,2026Q1,-0.5473,0.0,0.306,Negative,ai claude|claude|ai,,,False,complaint,negative,medium,reactive,general,,openai
YouTube,Uc18mso08Ro,NetworkChuck,UC9x0AN7BWHpCDHSm9NiJFJQ,I Accidentally Turned Claude Into a Hacker...,2025-09-26,1240995,42732,546,PT58S,https://youtube.com/watch?v=Uc18mso08Ro,Claude AI,,,5200000,I Accidentally Turned Claude Into a Hacker...,1679235,0.0344336600872686,0.0004399695405702,False,45,7,False,False,0.1333333333333333,Mega,9,3,2025Q3,-0.34,0.0,0.375,Negative,claude,,,False,tutorial,neutral,low,educational,developers,,openai
YouTube,T2bd1kGEISo,Wanderloots,UCFiU1vIpPD3lQltke_18m3A,Optimized Vibecoding 💡 Google Antigravity + Claude Code + Testsprite #agent #ai #vibecoding,2025-12-18,1110217,37791,316,PT25S,https://youtube.com/watch?v=T2bd1kGEISo,Claude AI,,,73000,Optimized Vibecoding 💡 Google Antigravity + Claude Code + Testsprite #agent #ai #vibecoding,1494447,0.0340392914178039,0.0002846290409892,False,91,13,False,False,0.0769230769230769,Mid,12,4,2025Q4,0.4588,0.25,0.0,Positive,claude code|code|ai|claude,,Claude Code,False,showcase,positive,medium,organic,creators,,openai
YouTube,97uW83G6Q2Y,Varun Mayya,UCsQoiOrh7jzKmE8NBofhTnQ,Claude AI Built This entire Website in SECONDS!,2025-03-04,1048941,32702,341,PT41S,https://youtube.com/watch?v=97uW83G6Q2Y,Claude AI,,,1090000,Claude AI Built This entire Website in SECONDS!,1382781,0.0311762053347137,0.0003250897810267,False,47,8,False,True,0.2765957446808511,Mega,3,1,2025Q1,0.0,0.0,0.0,Neutral,claude ai|ai|claude,,,False,tutorial,neutral,medium,educational,creators,,openai
YouTube,QoQBzR1NIqI,Nick Saraev,UCbo-KbSjJDG6JWQ_MTZ_rNA,CLAUDE CODE FULL COURSE 4 HOURS: Build &amp; Sell (2026),2026-02-12,1036507,33471,1306,PT4H10M43S,https://youtube.com/watch?v=QoQBzR1NIqI,Claude AI,automation|make.com|content creation|ai content|google sheets,"🔥 Join Maker School & get customer #1 guaranteed: https://skool.com/makerschool/about
💎 All course files: https://drive.google.com/drive/folders/1m182p16V_mZBAOTO-0iq4T4-cj6O-hev
📚 NEXT COURSE (ADVANC",360000,CLAUDE CODE FULL COURSE 4 HOURS: Build &amp; Sell (2026),1397337,0.0322921118718928,0.001260001138439,False,56,10,False,False,0.4821428571428571,Macro,2,1,2026Q1,0.0,0.0,0.0,Neutral,hours|amp|claude code|code|claude,,Claude Code,False,news,neutral,medium,reactive,general,,openai
YouTube,wfeiCZK0mNs,Fireship,UCsBjURrPoezykLs9EqgamOA,Anthropic just released the real Claude Bot...,2026-03-26,1004402,31248,1088,PT5M,https://youtube.com/watch?v=wfeiCZK0mNs,Claude AI,webdev|app development|lesson|tutorial,"Try SerpApi for free to get real-time search data from a single API - https://serpapi.com/?utm_source=fireship

Anthropic just dropped Claude Computer Use to try and take down OpenClaw. But is it actu",4170000,Anthropic just released the real Claude Bot...,1338642,0.0311110491615906,0.0010832316144332,False,46,7,False,False,0.0652173913043478,Mega,3,1,2026Q1,0.0,0.0,0.0,Neutral,anthropic|claude,,,False,news,neutral,medium,reactive,general,,openai
YouTube,keEi0LoZwL0,Raj Shamani,UCzwCEE_PchiBULMnAJqhGVg,"AI Masterclass: Become an Expert at Claude, Gemini &amp; Powerful AI Tools | Vaibhav | FO480 Raj Shamani",2026-03-07,1003120,23091,1631,PT2H18M56S,https://youtube.com/watch?v=keEi0LoZwL0,Claude AI,raj shamani|shamani industries|figuring out with raj shamani|inspirational|india,"Business plan tester prompt: https://bit.ly/46R7hup

For links to the prompts and tools, join the WhatsApp community & check the group description: https://figuringoutai.co/

Also, Checkout Hostinger:",16200000,"AI Masterclass: Become an Expert at Claude, Gemini &amp; Powerful AI Tools | Vaibhav | FO480 Raj Shamani",1266650,0.0230191801579073,0.0016259271074248,False,104,18,False,False,0.1538461538461538,Mega,3,1,2026Q1,0.4215,0.157,0.0,Positive,ai|amp|claude,Gemini,,True,tutorial,neutral,medium,educational,creators,,openai
YouTube,0fpUQN0a20Q,CarterPCs,UCi7wDE2ZTiR5QYYrUY5WhtA,How to transfer all of your memories from ChatGPT to Claude… #c#carterpcstech #chatgpt #claude #ai,2026-03-04,955707,31215,463,PT31S,https://youtube.com/watch?v=0fpUQN0a20Q,Claude AI,,How to transfer all of your memories from ChatGPT to Claude… #c#carterpcstech #chatgpt #claude #ai,2240000,How to transfer all of your memories from ChatGPT to Claude... #c#carterpcstech #chatgpt #claude #ai,1277117,0.0326616839679943,0.0004844581027448,False,100,15,False,False,0.06,Mega,3,1,2026Q1,0.0,0.0,0.0,Neutral,chatgpt|claude ai|claude|ai,ChatGPT,,True,praise,positive,medium,organic,general,,openai
YouTube,GCRU0BOxneE,mixikid,UCixKSOPKPx_SWT9oNJON8tg,Claude just saved my project… 🤩,2026-02-20,947562,49761,770,PT1M,https://youtube.com/watch?v=GCRU0BOxneE,Claude AI,,Claude just saved my project… 🤩 @anthropic-ai  #claude partner,30800,Claude just saved my project... 🤩,1460572,0.0525147694821024,0.0008126117341134,False,33,6,False,False,0.0303030303030303,Mid,2,1,2026Q1,0.4215,0.412,0.0,Positive,claude,,,False,news,neutral,low,reactive,general,,openai
YouTube,68ylaeBbdsg,Nikhil Kamath,UCnC8SAZzQiBGYVSKZ_S3y4Q,The AI Tsunami is Here &amp; Society Isn&#39;t Ready | Dario Amodei x Nikhil Kamath | People by WTF,2026-02-24,920874,15334,1817,PT1H8M35S,https://youtube.com/watch?v=68ylaeBbdsg,Claude AI,Dario Amodei|Anthropic|Claude AI|Nikhil Kamath|People by WTF,"I sat down with Dario Amodei in Bangalore. He built Claude, but he started as a biologist looking for a tool to cure disease. Today, he's at the helm of an AI revolution that he compares to a tsunami ",2220000,The AI Tsunami is Here &amp; Society Isn&#39;t Ready | Dario Amodei x Nikhil Kamath | People by WTF,1110554,0.0166515723106527,0.0019731255307457,False,99,19,False,False,0.1616161616161616,Mega,2,1,2026Q1,-0.4648,0.119,0.216,Negative,39|amp|ai,,,False,discussion,neutral,low,educational,general,,openai
YouTube,LRSSjGwsuv0,PIVOT 公式チャンネル,UC8yHePe_RgUBE-waRWy6olw,【Claude Code完全入門】誰でも使えるツール／実行革命／ChatGPTとの違い／５体のAIエージェントで実演／願望の質＝アウトプットの質／Skills活用法／経営者こそ使うべき／言語化が全て,2026-03-01,914046,16464,467,PT45M20S,https://youtube.com/watch?v=LRSSjGwsuv0,Claude AI,Claude Code|AIエージェント|AI|経営者|梶谷,"▼動画の概要が3分で分かる「要点まとめ記事」はこちら
https://pivotmedia.co.jp/launch_app?path=movie/14070&display_type=article&override=true

＜PIVOT新メンバー募集＞
新しいメンバーを積極的に募集しています。
応募の詳細は以下の採用特設サイトをご確認ください。
▼採用特設サイトhttps://pivot.",3880000,【Claude Code完全入門】誰でも使えるツール/実行革命/ChatGPTとの違い/5体のAIエージェントで実演/願望の質=アウトプットの質/Skills活用法/経営者こそ使うべき/言語化が全て,1088026,0.0180122225796075,0.0005109152055804,False,99,2,False,False,0.0909090909090909,Mega,3,1,2026Q1,0.0,0.0,0.0,Neutral,claude,ChatGPT,Claude Code,True,comparison,neutral,medium,educational,general,,openai
YouTube,uVKvqJRQOas,FatherPhi,UCIw9p-0zI1rEPEs_SS6fDkg,Claude vs the Trolley Problem #ai #claude,2026-03-01,883061,18340,1432,PT1M44S,https://youtube.com/watch?v=uVKvqJRQOas,Claude AI,,"Vote for the next video here
👇👇👇
https://FatherPhi.com

For the weekly brief on accessible and practical Ai usage + updates on our latest mission join the newsletter
💌 https://master-of-ai.com

📩 For ",132000,Claude vs the Trolley Problem #ai #claude,1095101,0.0207686671702181,0.0016216320276855,False,41,7,False,False,0.073170731707317,Macro,3,1,2026Q1,-0.4019,0.0,0.31,Negative,vs|ai claude|claude|ai,,,False,comparison,neutral,medium,educational,general,,openai
YouTube,ZeWfksNXlbU,Eliot Prince,UCrEd_gD_cq7GzGSpn892tFg,Claude COWORK Clearly Explained (&amp; how to use it for beginners),2026-02-16,837624,10994,347,PT18M29S,https://youtube.com/watch?v=ZeWfksNXlbU,Claude AI,claude cowork|claude cowork use cases|anthropic claude cowork|claude cowork usecases|claude cowork tutorial,"Claude Cowork Tutorial for Beginners.

Grab the full walkthrough inside my AI Recipe Vault: https://eliotprince.com/ai-recipe-vault/

I'll be honest — even I feel overwhelmed right now. And it's liter",31600,Claude COWORK Clearly Explained (&amp; how to use it for beginners),954504,0.0131252208628215,0.0004142670219573,False,67,11,False,False,0.1343283582089552,Mid,2,1,2026Q1,0.4019,0.213,0.0,Positive,beginners|amp|claude,,,False,tutorial,neutral,low,educational,developers,,openai
YouTube,gPt4YgSFUrs,Bitinning,UCMT5Ui9vr5tHYXuXrhU3K2w,"USA Warns Claude AI founder, Give Full Access… or face Consequences.",2026-02-24,804868,12533,167,PT2M46S,https://youtube.com/watch?v=gPt4YgSFUrs,Claude AI,us crypto bill|bitcoin|bitcoin price|bitcoin price usd|altcoins,"USA  demands total access from Claude AI founder, Do it… or deal with the fallout.

Follow us for more educational content:

Instagram: @bitinning
Youtube: https://www.youtube.com/@Bitinning
Kashif X:",196000,"USA Warns Claude AI founder, Give Full Access... or face Consequences.",933538,0.0155714974380892,0.000207487438934,False,70,11,False,False,0.1571428571428571,Macro,2,1,2026Q1,-0.1027,0.0,0.123,Negative,claude ai|ai|claude,,,False,news,negative,high,reactive,general,,openai
YouTube,Ll1UyM8kBNc,onjsdev,UC5V_x9WcYDDi7VsWHUg6FEA,This is why I quit Cursor and switched to Claude Code,2025-07-24,793053,9546,230,PT32S,https://youtube.com/watch?v=Ll1UyM8kBNc,Claude AI,,"With so many new AI code editors coming out, I think Cursor is falling behind in performance and stability. That’s why I decided to try Claude Code. This is not an #ad or anything like that, just my e",48300,This is why I quit Cursor and switched to Claude Code,893113,0.0120370265291222,0.0002900184476951,False,53,11,False,False,0.0943396226415094,Mid,7,3,2025Q3,0.0,0.0,0.0,Neutral,claude code|code|claude,,Claude Code,False,comparison,positive,medium,competitive,developers,,openai
YouTube,M9iu-GLdPRk,ezCommit,UCPwA50hMAxstY9YAvABXrUw,Google Gemini 2.5 pro vs CLAUDE 4. #coding #programming #gemini #claude4 #comparison #ai,2025-05-24,773255,25117,256,PT2M15S,https://youtube.com/watch?v=M9iu-GLdPRk,Claude AI,,"👉About This Video:
This video has been independently edited, redesigned, and transformed. It contains original commentary, analysis, and educational insights added for the purpose of learning and unde",67900,Google Gemini 2.5 pro vs CLAUDE 4. #coding #programming #gemini #claude4 #comparison #ai,1029545,0.0324821695301032,0.0003310680176655,False,88,13,False,False,0.0909090909090909,Mid,5,2,2025Q2,0.0,0.0,0.0,Neutral,vs claude|coding|vs|ai|claude,Gemini,,True,comparison,neutral,high,competitive,developers,,openai
YouTube,cFzdGNieLz8,Evrim Ağacı,UCatnasFAiXUvWwH8NlSdd3A,"Yapay Zekanın Yeni Kralı: Claude ve &quot;Vibe Coding&quot;, Hayatınızı Nasıl Değiştirecek?",2026-03-08,755832,29235,1713,PT28M43S,https://youtube.com/watch?v=cFzdGNieLz8,Claude AI,bilim|çağrı mert bakırcı|evrim|evrim ağacı|evrim kuramı,"Yapay zeka dünyasında sessiz sedasız bir devrim yaşanıyor; ama o devrimin adı ChatGPT değil. Claude... Adını duydunuz mu bilmiyorum; ama Anthropic tarafından geliştirilen Claude, daha şimdiden Mars'ta",4710000,"Yapay Zekanın Yeni Kralı: Claude ve &quot;Vibe Coding&quot;, Hayatınızı Nasıl Değiştirecek?",1082442,0.0386792303051471,0.0022663766551297,False,91,11,True,False,0.1098901098901098,Mega,3,1,2026Q1,0.0,0.0,0.0,Neutral,coding|claude,,,False,tutorial,positive,high,educational,creators,,openai
YouTube,FX3x-k7vM7Y,Firstpost,UCz8QaiQxApLq8sLNcszYyJw,AI on the Battlefield: How Claude Helped US Strike Iran | Vantage with Palki Sharma,2026-03-01,718063,7169,703,PT6M11S,https://youtube.com/watch?v=FX3x-k7vM7Y,Claude AI,firstpost|vantage|palki sharma|vantage palki sharma|first post,"Artificial intelligence is now part of the battlefield. During the strike on Iran, the United States used Anthropic’s Claude platform to process intelligence, map targets, and simulate military scenar",9510000,AI on the Battlefield: How Claude Helped US Strike Iran | Vantage with Palki Sharma,803813,0.0099838036495405,0.0009790227319886,False,83,15,False,False,0.1566265060240964,Mega,3,1,2026Q1,-0.4767,0.0,0.255,Negative,ai|claude,,,False,showcase,positive,medium,organic,general,,openai
YouTube,lO961HRQn5Q,NetworkChuck,UC9x0AN7BWHpCDHSm9NiJFJQ,they stole Claude’s brain 16 million times,2026-03-03,689379,23914,444,PT1M2S,https://youtube.com/watch?v=lO961HRQn5Q,Claude AI,,"Anthropic just exposed DeepSeek, Moonshot AI, and MiniMax for creating 24,000 fake accounts and having 16 million conversations with Claude to steal its capabilities. The AI race isn't what you think.",5200000,they stole Claude’s brain 16 million times,937399,0.0346891912866507,0.0006440579129912,False,42,7,False,False,0.0238095238095238,Mega,3,1,2026Q1,0.0,0.0,0.0,Neutral,claude,,,False,complaint,negative,medium,reactive,general,,openai
YouTube,HGZ0Ek_aNgU,60 Minutes,UCsN32BtMd0IoByjJRNF12cw,Why Anthropic&#39;s AI Claude tried to contact the FBI,2025-11-17,664923,10980,1679,PT6M,https://youtube.com/watch?v=HGZ0Ek_aNgU,Claude AI,Artificial Intelligence|60 Minutes Overtime|Overtime Original,"During a simulation in which Anthropic's AI, Claude, was told it was running a vending machine, it decided it was being scammed, ""panicked"" and tried to contact the FBI's Cyber Crimes Division.

""60 M",4070000,Why Anthropic&#39;s AI Claude tried to contact the FBI,808303,0.0165131902490965,0.0025251044105858,False,54,9,False,False,0.1481481481481481,Mega,11,4,2025Q4,0.0,0.0,0.0,Neutral,39|anthropic|ai claude|ai|claude,,,False,news,neutral,medium,reactive,general,,openai
YouTube,eMZmDH3T2bY,Kevin Stratvert,UCfJT_eYDTmDE-ovKaxVE1ig,Claude Code Tutorial for Beginners,2025-12-22,651560,8906,274,PT14M44S,https://youtube.com/watch?v=eMZmDH3T2bY,Claude AI,kevin stratvert|claude code for beginners|claude code tutorial|claude code beginners guide|claude code beginner guide,"This Claude Code Tutorial teaches you what I wish I knew as a software developer about Claude Code before I started AI coding. Get started here: https://clau.de/kevinstratvert 

You can vibe code with",4190000,Claude Code Tutorial for Beginners,746100,0.0136687335011357,0.0004205291914789,False,34,5,False,False,0.1176470588235294,Mega,12,4,2025Q4,0.0,0.0,0.0,Neutral,beginners|claude code|code|claude,,Claude Code,False,tutorial,positive,medium,educational,creators,,openai
YouTube,5KTHvKCrQ00,Anthropic,UCrDwWp7EBBv4NwvScIpBDOA,Claude ran a business in our office,2025-12-18,610808,16459,477,PT6M11S,https://youtube.com/watch?v=5KTHvKCrQ00,Claude AI,,"For a large part of 2025, we ran Project Vend: an experiment where we let Claude manage a small business in the Anthropic office. We learned a lot from how close it was to success—and the curious ways",498000,Claude ran a business in our office,784938,0.0269462744430328,0.0007809327972128,False,35,7,False,False,0.0285714285714285,Macro,12,4,2025Q4,0.0,0.0,0.0,Neutral,claude,,,False,showcase,positive,medium,organic,general,,openai
YouTube,0vZ_UVLhSQQ,Anthropic,UCrDwWp7EBBv4NwvScIpBDOA,Getting started with Claude.ai,2025-12-02,562948,2642,63,PT5M19S,https://youtube.com/watch?v=0vZ_UVLhSQQ,Claude AI,,"Learn how to get the most out of chatting with Claude. This tutorial covers the basics of Claude's conversational interface, including how to craft effective prompts, upload supporting documents, use ",498000,Getting started with Claude.ai,590628,0.0046931510548043,0.0001119108692099,False,30,4,False,False,0.0666666666666666,Macro,12,4,2025Q4,0.0,0.0,0.0,Neutral,claude ai|ai|claude,,,False,tutorial,positive,medium,educational,creators,,openai
YouTube,ntDIxaeo3Wg,Tech With Tim,UC4JX40jDee_tINbkjycV4Sg,Claude Code - Full Tutorial for Beginners,2026-02-27,561086,11675,369,PT35M49S,https://youtube.com/watch?v=ntDIxaeo3Wg,Claude AI,tech with tim|claude code tutorial|ai automation for beginners|automate workflows|openai api guide,"Create your DINQ page for free: https://dinq.me/?from=tim - use code TIM to get a discount if you upgrade.

This video will teach you Claude Code. I'll go over everything and assume no prior knowledge",1980000,Claude Code - Full Tutorial for Beginners,685216,0.0208078618963937,0.0006576531939845,False,41,7,False,False,0.1219512195121951,Mega,2,1,2026Q1,0.0,0.0,0.0,Neutral,beginners|claude code|code|claude,,Claude Code,False,showcase,positive,medium,organic,general,,openai
YouTube,RudrWy9uPZE,Jeff Su,UCwAnu01qlnVg1Ai2AbtTMaA,"I Switched 50% of My AI Work to Claude, Here&#39;s Why",2025-02-11,512117,12157,829,PT12M44S,https://youtube.com/watch?v=RudrWy9uPZE,Claude AI,I Switched 50% of My AI Work to Claude Here's Why|Learn 80% of Claude AI in under 14 Minutes|how to use claude|claude.ai tutorial|claude ai tutorial,"Claude: https://claude.ai/referral/NWuVXWV9ww

➡️ My free AI Toolkit: https://academy.jeffsu.org/ai-toolkit?utm_source=youtube&utm_medium=video&utm_campaign=173

Learn how #Claude AI handles complex t",1670000,"I Switched 50% of My AI Work to Claude, Here&#39;s Why",650267,0.0237387159574862,0.0016187707105993,False,54,11,False,False,0.1666666666666666,Mega,2,1,2025Q1,0.0,0.0,0.0,Neutral,39|ai|claude,,,False,feature_request,neutral,medium,educational,developers,,openai
YouTube,UAmKyyZ-b9E,Anthropic,UCrDwWp7EBBv4NwvScIpBDOA,Introducing Cowork: Claude Code for the rest of your work,2026-01-12,491194,6287,371,PT1M9S,https://youtube.com/watch?v=UAmKyyZ-b9E,Claude AI,,"Claude Cowork lets you hand off your most time-consuming tasks to Claude, and come back to finished outputs. Describe what you need, point Claude at your sources, and walk away.

Cowork pulls from you",498000,Introducing Cowork: Claude Code for the rest of your work,561484,0.0127994234457261,0.0007553023856154,False,57,10,False,False,0.0701754385964912,Macro,1,1,2026Q1,0.0,0.0,0.0,Neutral,claude code|code|claude,,Claude Code,False,news,negative,high,reactive,general,,openai
YouTube,RSWdkfDoopM,V R RAJA,UCZ0hNUqXDl0YWh3ulUZy1jQ,⚠️ SOFTWARE JOBS Gone? 😱 The SCARY Truth About AI &amp; Anthropic Claude | VR Raja,2026-02-20,478009,15439,712,PT22M29S,https://youtube.com/watch?v=RSWdkfDoopM,Claude AI,AI taking jobs|VR Raja|Software engineer future|IT jobs crisis 2026|Will AI replace engineers,"Surprise!! Check out the 10 Lakh Scholarship here: https://tinyurl.com/ymhrhkkp

For Class 11th: https://tinyurl.com/yeytczsb

Medhavi Skills University, in collaboration with Polaris School of Techno",1770000,⚠️ SOFTWARE JOBS Gone? 😱 The SCARY Truth About AI &amp; Anthropic Claude | VR Raja,646639,0.0322985550481267,0.0014895117037545,False,82,16,True,False,0.3414634146341463,Mega,2,1,2026Q1,-0.3885,0.126,0.216,Negative,amp|anthropic|ai|claude,,,False,tutorial,positive,medium,educational,creators,,openai
YouTube,Ii99RU3mOJM,Claude,UCV03SRZXJEz-hchIAogeJOg,Claude can now show you,2026-03-12,477393,14573,676,PT1M20S,https://youtube.com/watch?v=Ii99RU3mOJM,Claude AI,,"Claude now creates diagrams, interactive tools, and visualizations right in the conversation. Follow a student from choosing a major to getting a city park approved — all built visually, all within th",134000,Claude can now show you,636643,0.0305262121564413,0.0014160241143041,False,23,5,False,False,0.0434782608695652,Macro,3,1,2026Q1,0.0,0.0,0.0,Neutral,claude,,,False,tutorial,positive,medium,educational,creators,,openai
YouTube,ZlDnsf_DOzg,Simon Scrapes,UCdCR4-uYOg5ju-IUuDnfnQA,Every Claude Code Concept Explained for Normal People,2026-02-28,452111,11203,317,PT27M24S,https://youtube.com/watch?v=ZlDnsf_DOzg,Claude AI,,"🚀 Build agentic systems that run your business: https://skool.com/scrapes
Feeling lost in Claude Code? This ultimate guide is the shortcut you've been looking for. We break down 27 essential Claude Co",65300,Every Claude Code Concept Explained for Normal People,570481,0.0247793130448053,0.0007011552472733,False,53,8,False,False,0.1320754716981132,Mid,2,1,2026Q1,0.0,0.0,0.0,Neutral,claude code|code|claude,,Claude Code,False,tutorial,positive,medium,educational,creators,,openai
YouTube,We7BZVKbCVw,Lenny's Podcast,UC6t1O76G0jYXOAoYCm153dA,Head of Claude Code: What happens after coding is solved | Boris Cherny,2026-02-19,445524,8687,1138,PT1H27M45S,https://youtube.com/watch?v=We7BZVKbCVw,Claude AI,,Boris Cherny is the creator and head of Claude Code at Anthropic. What began as a simple terminal-based prototype just a year ago has transformed the role of software engineering and is increasingly t,573000,Head of Claude Code: What happens after coding is solved | Boris Cherny,555154,0.019498388414541,0.0025542956159488,False,71,13,False,False,0.0845070422535211,Macro,2,1,2026Q1,0.2732,0.16,0.0,Positive,coding|claude code|code|claude,,Claude Code,False,tutorial,positive,medium,educational,creators,,openai
YouTube,gv0WHhKelSE,Anthropic,UCrDwWp7EBBv4NwvScIpBDOA,Claude Code best practices | Code w/ Claude,2025-07-31,420499,8108,325,PT25M53S,https://youtube.com/watch?v=gv0WHhKelSE,Claude AI,,"Presented at Code w/ Claude by @anthropic-ai on May 22, 2025 in San Francisco, CA, USA.

Speakers:
Cal Rueb, Member of Technical Staff at @anthropic-ai",498000,Claude Code best practices | Code w/ Claude,508079,0.0192818532267615,0.0007728912553894,False,43,8,False,False,0.0930232558139534,Macro,7,3,2025Q3,0.6369,0.412,0.0,Positive,code|claude code|claude,,Claude Code,False,tutorial,positive,medium,educational,creators,,openai
YouTube,iltdFNpl73I,Andrew Codesmith,UCcgNiiErDGHICbNYtuyxW4A,900+ hours of Learning Claude Code/Cursor in 10 minutes,2026-01-26,414933,19059,227,PT9M53S,https://youtube.com/watch?v=iltdFNpl73I,Claude AI,,"Everything I've learnt about building with AI and using Claude Code and Cursor to build apps and code.

Try Hostinger VPS (10% off with code ANDREW)
https://www.hostinger.com/andrew

Link to my newsle",70100,900+ hours of Learning Claude Code/Cursor in 10 minutes,610063,0.0459327168482622,0.0005470762749648,False,55,9,False,False,0.0727272727272727,Mid,1,1,2026Q1,0.0,0.0,0.0,Neutral,hours|claude code|code|claude,,Claude Code,False,tutorial,positive,medium,educational,creators,,openai
YouTube,9LwacpywVhs,Nandini Agrawal,UCF50P3pc9zD7ou9IVo8w5sQ,These 20 minutes will save you 20 hours every week | Learn Claude AI,2026-03-16,411189,10913,329,PT19M3S,https://youtube.com/watch?v=9LwacpywVhs,Claude AI,,"If you want to save 20 hours every week, this video is for you
In this 20-minute tutorial, I explains how Claude CoWork works and how you can start using it to improve your workflow.

In this video yo",373000,These 20 minutes will save you 20 hours every week | Learn Claude AI,526899,0.0265401068608352,0.0008001186802176,False,68,14,False,False,0.0735294117647058,Macro,3,1,2026Q1,0.4939,0.211,0.0,Positive,hours|claude ai|ai|claude,,,False,tutorial,positive,medium,educational,creators,,openai
