platform,subreddit,title,author,date,date_full,upvotes,upvote_ratio,comments,url,selftext_length,is_self,link_flair_text,post_id,source_label,datetime,title_clean,engagement_score,comment_ratio,is_controversial,is_viral,title_length,title_word_count,has_question,has_exclamation,title_caps_ratio,hour,day_of_week,is_weekend,month,quarter,year_quarter,sentiment_compound,sentiment_pos,sentiment_neg,sentiment_label,top_keywords,competitors_mentioned,features_mentioned,mentions_competitor
Reddit,r/ClaudeAI,Taught Claude to talk like a caveman to use 75% less tokens.,ffatty,2026-04-03,2026-04-03 18:19:27,9172,0.94,421,https://reddit.com/r/ClaudeAI/comments/1sble09/taught_claude_to_talk_like_a_caveman_to_use_75/,0,False,Other,1sble09,claudeai_top_all,2026-04-03 18:19:27,Taught Claude to talk like a caveman to use 75% less tokens.,11277,0.0459005669428696,False,True,60,12,False,False,0.0333333333333333,18,Friday,False,4,2,2026Q2,0.3612,0.2,0.0,Positive,like|claude,,,False
Reddit,r/ClaudeAI,Why the majority of vibe coded projects fail,harrysofgaming,2026-03-13,2026-03-13 23:15:27,8166,0.98,729,https://reddit.com/r/ClaudeAI/comments/1rt31th/why_the_majority_of_vibe_coded_projects_fail/,0,False,Vibe Coding,1rt31th,claudeai_top_all,2026-03-13 23:15:27,Why the majority of vibe coded projects fail,11811,0.0892725936811168,False,True,44,8,False,False,0.0227272727272727,23,Friday,False,3,1,2026Q1,-0.5423,0.0,0.333,Negative,,,,False
Reddit,r/ClaudeAI,Good job Anthropic 👏🏻 you just became the top closed Ai company in my books,No_Vehicle7826,2026-02-17,2026-02-17 07:28:40,7368,0.96,429,https://reddit.com/r/ClaudeAI/comments/1r6zn7j/good_job_anthropic_you_just_became_the_top_closed/,0,False,News,1r6zn7j,claudeai_top_all,2026-02-17 07:28:40,Good job Anthropic 👏🏻 you just became the top closed Ai company in my books,9513,0.0582247557003257,False,True,75,15,False,False,0.04,7,Tuesday,False,2,1,2026Q1,0.5719,0.266,0.0,Positive,just|ai|anthropic,,,False
Reddit,r/ClaudeAI,Claude’s extended thinking found out about Iran in real time,schuttdev,2026-03-01,2026-03-01 22:46:43,7085,0.99,178,https://reddit.com/r/ClaudeAI/comments/1ribnke/claudes_extended_thinking_found_out_about_iran_in/,98,False,Humor,1ribnke,claudeai_top_all,2026-03-01 22:46:43,Claude’s extended thinking found out about Iran in real time,7975,0.0251235003528581,False,False,60,10,False,False,0.0333333333333333,22,Sunday,True,3,1,2026Q1,0.0,0.0,0.0,Neutral,claude,,Extended Thinking,False
Reddit,r/ClaudeAI,"Outside Anthropic Office in SF ""Thank You""",BuildwithVignesh,2026-02-27,2026-02-27 20:40:27,7061,0.98,204,https://reddit.com/r/ClaudeAI/comments/1rgi8im/outside_anthropic_office_in_sf_thank_you/,64,False,Praise,1rgi8im,claudeai_top_all,2026-02-27 20:40:27,"Outside Anthropic Office in SF ""Thank You""",8081,0.0288910919133267,False,False,42,7,False,False,0.1666666666666666,20,Friday,False,2,1,2026Q1,0.3612,0.294,0.0,Positive,anthropic,,,False
Reddit,r/ClaudeAI,Caught red handed,MetaKnowing,2026-03-09,2026-03-09 11:15:51,6507,0.98,146,https://reddit.com/r/ClaudeAI/comments/1roxf97/caught_red_handed/,0,False,Humor,1roxf97,claudeai_top_all,2026-03-09 11:15:51,Caught red handed,7237,0.0224373751344705,False,False,17,3,False,False,0.0588235294117647,11,Monday,False,3,1,2026Q1,0.0,0.0,0.0,Neutral,,,,False
Reddit,r/ClaudeAI,Claude has overtaken ChatGPT in the Apple App Store,Pure_Perception7328,2026-02-28,2026-02-28 23:01:47,6437,0.98,219,https://reddit.com/r/ClaudeAI/comments/1rhgsjz/claude_has_overtaken_chatgpt_in_the_apple_app/,0,False,Praise,1rhgsjz,claudeai_top_all,2026-02-28 23:01:47,Claude has overtaken ChatGPT in the Apple App Store,7532,0.0340220599658225,False,False,51,9,False,False,0.1568627450980392,23,Saturday,True,2,1,2026Q1,0.0,0.0,0.0,Neutral,claude,ChatGPT,,True
Reddit,r/ClaudeAI,25 years. Multiple specialists. Zero answers. One Claude conversation cracked it.,the_kuka,2026-03-26,2026-03-26 08:08:06,5610,0.68,1087,https://reddit.com/r/ClaudeAI/comments/1s41fny/25_years_multiple_specialists_zero_answers_one/,2101,False,NOT about coding,1s41fny,claudeai_top_all,2026-03-26 08:08:06,25 years. Multiple specialists. Zero answers. One Claude conversation cracked it.,11045,0.1937611408199643,True,True,81,11,False,False,0.0493827160493827,8,Thursday,False,3,1,2026Q1,0.0,0.0,0.0,Neutral,claude,,,False
Reddit,r/ClaudeAI,i dug through claude code's leaked source and anthropic's codebase is absolutely unhinged,Clear_Reserve_8089,2026-03-31,2026-03-31 12:07:47,5408,0.92,658,https://reddit.com/r/ClaudeAI/comments/1s8lkkm/i_dug_through_claude_codes_leaked_source_and/,5088,True,:redditgold: Workaround,1s8lkkm,claudeai_top_all,2026-03-31 12:07:47,i dug through claude code's leaked source and anthropic's codebase is absolutely unhinged,8698,0.121671597633136,False,False,89,13,False,False,0.0,12,Tuesday,False,3,1,2026Q1,-0.3182,0.0,0.173,Negative,claude code|code|anthropic|claude,,Claude Code,False
Reddit,r/ClaudeAI,Just in case,JerryH_,2026-03-19,2026-03-19 16:41:31,5047,0.99,82,https://reddit.com/r/ClaudeAI/comments/1ry5hkp/just_in_case/,0,False,Humor,1ry5hkp,claudeai_top_all,2026-03-19 16:41:31,Just in case,5457,0.0162472756092728,False,False,12,3,False,False,0.0833333333333333,16,Thursday,False,3,1,2026Q1,0.0,0.0,0.0,Neutral,just,,,False
Reddit,r/ClaudeAI,Brother,Technical-Relation-9,2026-04-01,2026-04-01 12:21:06,4809,0.98,54,https://reddit.com/r/ClaudeAI/comments/1s9iyp3/brother/,0,False,Humor,1s9iyp3,claudeai_top_all,2026-04-01 12:21:06,Brother,5079,0.0112289457267623,False,False,7,1,False,False,0.1428571428571428,12,Wednesday,False,4,2,2026Q2,0.0,0.0,0.0,Neutral,,,,False
Reddit,r/ClaudeAI,Giving Claude access to my MacBook / macOS,namebrained,2026-03-26,2026-03-26 00:40:59,4674,0.98,119,https://reddit.com/r/ClaudeAI/comments/1s3ss8s/giving_claude_access_to_my_macbook_macos/,17,False,Question,1s3ss8s,claudeai_top_all,2026-03-26 00:40:59,Giving Claude access to my MacBook / macOS,5269,0.0254599914420196,False,False,42,8,False,False,0.1428571428571428,0,Thursday,False,3,1,2026Q1,0.34,0.286,0.0,Positive,claude,,,False
Reddit,r/ClaudeAI,Claude watching me write code manually after I hit the daily limit,Technical-Relation-9,2026-03-28,2026-03-28 02:42:16,4546,0.99,104,https://reddit.com/r/ClaudeAI/comments/1s5ok5r/claude_watching_me_write_code_manually_after_i/,2,False,Humor,1s5ok5r,claudeai_top_all,2026-03-28 02:42:16,Claude watching me write code manually after I hit the daily limit,5066,0.0228772547294324,False,False,66,12,False,False,0.0303030303030303,2,Saturday,True,3,1,2026Q1,0.0,0.0,0.0,Neutral,code|claude,,,False
Reddit,r/ClaudeAI,Claude just gave me access to another user’s legal documents,Raton-Raton,2026-02-19,2026-02-19 18:48:59,4408,0.94,275,https://reddit.com/r/ClaudeAI/comments/1r97osm/claude_just_gave_me_access_to_another_users_legal/,599,False,Bug,1r97osm,claudeai_top_all,2026-02-19 18:48:59,Claude just gave me access to another user’s legal documents,5783,0.0623865698729582,False,False,60,10,False,False,0.0166666666666666,18,Thursday,False,2,1,2026Q1,0.128,0.143,0.0,Positive,just|claude,,,False
Reddit,r/ClaudeAI,"BREAKING: Anthropic donates ""Model Context Protocol"" (MCP) to the Linux Foundation making it the official open standard for Agentic AI",BuildwithVignesh,2025-12-09,2025-12-09 17:14:35,4378,0.96,116,https://reddit.com/r/ClaudeAI/comments/1pid584/breaking_anthropic_donates_model_context_protocol/,628,False,News,1pid584,claudeai_top_all,2025-12-09 17:14:35,"BREAKING: Anthropic donates ""Model Context Protocol"" (MCP) to the Linux Foundation making it the official open standard for Agentic AI",4958,0.0264961169483782,False,False,134,20,False,False,0.1492537313432835,17,Tuesday,False,12,4,2025Q4,0.0,0.0,0.0,Neutral,ai|anthropic,,MCP,False
Reddit,r/ClaudeAI,Looks like Anthropic's NO to the DOW has made it to Tumps twitter feed,Plinian,2026-02-27,2026-02-27 21:05:21,4281,0.97,745,https://reddit.com/r/ClaudeAI/comments/1rgivx2/looks_like_anthropics_no_to_the_dow_has_made_it/,0,False,News,1rgivx2,claudeai_top_all,2026-02-27 21:05:21,Looks like Anthropic's NO to the DOW has made it to Tumps twitter feed,8006,0.1740247605699603,False,False,70,14,False,False,0.1142857142857142,21,Friday,False,2,1,2026Q1,-0.1111,0.143,0.168,Negative,like|anthropic,,,False
Reddit,r/ClaudeAI,I used Claude Code to reverse engineer a 13-year-old game binary and crack a restriction nobody had solved — the community is losing it,CelebrationFew1755,2026-03-15,2026-03-15 03:27:56,4057,0.96,230,https://reddit.com/r/ClaudeAI/comments/1ru3irp/i_used_claude_code_to_reverse_engineer_a/,3383,False,Built with Claude,1ru3irp,claudeai_top_all,2026-03-15 03:27:56,I used Claude Code to reverse engineer a 13-year-old game binary and crack a restriction nobody had solved — the community is losing it,5207,0.0566921370470791,False,False,135,24,False,False,0.0222222222222222,3,Sunday,True,3,1,2026Q1,-0.3818,0.088,0.197,Negative,claude code|code|claude,,Claude Code,False
Reddit,r/ClaudeAI,POV: you're about to lose your job to AI,MetaKnowing,2026-02-05,2026-02-05 15:53:13,4051,0.97,182,https://reddit.com/r/ClaudeAI/comments/1qwoxjr/pov_youre_about_to_lose_your_job_to_ai/,0,False,Humor,1qwoxjr,claudeai_top_all,2026-02-05 15:53:13,POV: you're about to lose your job to AI,4961,0.0449271784744507,False,False,40,9,False,False,0.125,15,Thursday,False,2,1,2026Q1,-0.4019,0.0,0.252,Negative,ai,,,False
Reddit,r/ClaudeAI,"""Claude, make a video about what it's like to be an LLM""",MetaKnowing,2026-03-11,2026-03-11 11:10:03,3985,0.98,273,https://reddit.com/r/ClaudeAI/comments/1rqqtes/claude_make_a_video_about_what_its_like_to_be_an/,271,False,Other,1rqqtes,claudeai_top_all,2026-03-11 11:10:03,"""Claude, make a video about what it's like to be an LLM""",5350,0.0685069008782936,False,False,56,12,False,False,0.0714285714285714,11,Wednesday,False,3,1,2026Q1,0.3612,0.2,0.0,Positive,like|claude,,,False
Reddit,r/ClaudeAI,Just picked up a new keyboard - can't wait to write a bunch of code with it,NinjaGraphics,2026-03-12,2026-03-12 15:43:47,3922,0.98,119,https://reddit.com/r/ClaudeAI/comments/1rru8zw/just_picked_up_a_new_keyboard_cant_wait_to_write/,19,False,Humor,1rru8zw,claudeai_top_all,2026-03-12 15:43:47,Just picked up a new keyboard - can't wait to write a bunch of code with it,4517,0.0303416624171341,False,False,75,17,False,False,0.0133333333333333,15,Thursday,False,3,1,2026Q1,0.0,0.0,0.0,Neutral,just|code,,,False
Reddit,r/ClaudeAI,Mean ahh claude 😭,Secure-Tea6702,2026-01-09,2026-01-09 08:47:56,3802,0.98,82,https://reddit.com/r/ClaudeAI/comments/1q837st/mean_ahh_claude/,0,False,Humor,1q837st,claudeai_top_all,2026-01-09 08:47:56,Mean ahh claude 😭,4212,0.0215675960021041,False,False,17,4,False,False,0.0588235294117647,8,Friday,False,1,1,2026Q1,0.0,0.0,0.0,Neutral,claude,,,False
Reddit,r/ClaudeAI,This new Claude update is crazy,MetaKnowing,2026-03-25,2026-03-25 11:23:21,3785,0.98,165,https://reddit.com/r/ClaudeAI/comments/1s37yiy/this_new_claude_update_is_crazy/,0,False,Humor,1s37yiy,claudeai_top_all,2026-03-25 11:23:21,This new Claude update is crazy,4610,0.0435931307793923,False,False,31,6,False,False,0.064516129032258,11,Wednesday,False,3,1,2026Q1,-0.34,0.0,0.324,Negative,claude,,,False
Reddit,r/ClaudeAI,things that claude say (part 2),Neither_Finance4755,2026-04-03,2026-04-03 05:32:39,3722,0.97,87,https://reddit.com/r/ClaudeAI/comments/1sb4w67/things_that_claude_say_part_2/,0,False,Humor,1sb4w67,claudeai_top_all,2026-04-03 05:32:39,things that claude say (part 2),4157,0.0233745298226759,False,False,31,6,False,False,0.0,5,Friday,False,4,2,2026Q2,0.0,0.0,0.0,Neutral,claude,,,False
Reddit,r/ClaudeAI,Whenever I pour my heart out to Claude a little…,porcupine-pete,2026-03-16,2026-03-16 20:10:40,3366,0.95,382,https://reddit.com/r/ClaudeAI/comments/1rvkpd5/whenever_i_pour_my_heart_out_to_claude_a_little/,44,False,Humor,1rvkpd5,claudeai_top_all,2026-03-16 20:10:40,Whenever I pour my heart out to Claude a little...,5276,0.1134878193701723,False,False,50,10,False,False,0.06,20,Monday,False,3,1,2026Q1,0.0,0.0,0.0,Neutral,claude,,,False
Reddit,r/ClaudeAI,💀,Edgerthe1st,2026-04-03,2026-04-03 12:56:05,3352,0.97,81,https://reddit.com/r/ClaudeAI/comments/1sbcukr/_/,0,False,Humor,1sbcukr,claudeai_top_all,2026-04-03 12:56:05,💀,3757,0.0241646778042959,False,False,1,1,False,False,0.0,12,Friday,False,4,2,2026Q2,0.0,0.0,0.0,Neutral,,,,False
Reddit,r/ClaudeAI,Claude helped me get a traffic light reprogrammed in my town,lennyp4,2026-03-10,2026-03-10 00:27:14,3348,0.98,160,https://reddit.com/r/ClaudeAI/comments/1rphxvk/claude_helped_me_get_a_traffic_light_reprogrammed/,108,False,Writing,1rphxvk,claudeai_top_all,2026-03-10 00:27:14,Claude helped me get a traffic light reprogrammed in my town,4148,0.04778972520908,False,False,60,11,False,False,0.0166666666666666,0,Tuesday,False,3,1,2026Q1,0.0,0.0,0.0,Neutral,claude,,,False
Reddit,r/ClaudeAI,"I've been ""gaslighting"" my AI models and it's producing insanely better results with simple prompt injection",naculalex,2026-03-28,2026-03-28 10:22:27,3340,0.95,226,https://reddit.com/r/ClaudeAI/comments/1s5wp0g/ive_been_gaslighting_my_ai_models_and_its/,2365,True,Vibe Coding,1s5wp0g,claudeai_top_all,2026-03-28 10:22:27,"I've been ""gaslighting"" my AI models and it's producing insanely better results with simple prompt injection",4470,0.0676646706586826,False,False,108,16,False,False,0.0277777777777777,10,Saturday,True,3,1,2026Q1,0.4404,0.162,0.0,Positive,ai,,,False
Reddit,r/ClaudeAI,Official: Anthropic declared a plan for Claude to remain ad-free,BuildwithVignesh,2026-02-04,2026-02-04 13:04:19,3324,0.94,242,https://reddit.com/r/ClaudeAI/comments/1qvo0ps/official_anthropic_declared_a_plan_for_claude_to/,70,False,News,1qvo0ps,claudeai_top_all,2026-02-04 13:04:19,Official: Anthropic declared a plan for Claude to remain ad-free,4534,0.0728038507821901,False,False,64,10,False,False,0.046875,13,Wednesday,False,2,1,2026Q1,0.0,0.0,0.0,Neutral,anthropic|claude,,,False
Reddit,r/ClaudeAI,Anthropic has opened up its entire educational curriculum for free,Strong_Roll9764,2026-02-28,2026-02-28 17:52:17,3249,0.97,117,https://reddit.com/r/ClaudeAI/comments/1rh92yp/anthropic_has_opened_up_its_entire_educational/,1217,True,Suggestion,1rh92yp,claudeai_top_all,2026-02-28 17:52:17,Anthropic has opened up its entire educational curriculum for free,3834,0.0360110803324099,False,False,66,10,False,False,0.0151515151515151,17,Saturday,True,2,1,2026Q1,0.5106,0.268,0.0,Positive,anthropic,,,False
Reddit,r/ClaudeAI,They are absolutely insane,Purple_Wear_5397,2026-03-02,2026-03-02 20:09:10,3117,0.97,160,https://reddit.com/r/ClaudeAI/comments/1rj3oax/they_are_absolutely_insane/,60,False,News,1rj3oax,claudeai_top_all,2026-03-02 20:09:10,They are absolutely insane,3917,0.0513314084055181,False,False,26,4,False,False,0.0384615384615384,20,Monday,False,3,1,2026Q1,-0.4576,0.0,0.499,Negative,,,,False
Reddit,r/ClaudeAI,Thanks for ruining everything.,shadows_lord,2025-07-28,2025-07-28 19:08:34,3016,0.96,112,https://reddit.com/r/ClaudeAI/comments/1mbpa4p/thanks_for_ruining_everything/,102,False,News,1mbpa4p,claudeai_top_all,2025-07-28 19:08:34,Thanks for ruining everything.,3576,0.0371352785145888,False,False,30,4,False,False,0.0333333333333333,19,Monday,False,7,3,2025Q3,0.2263,0.42,0.29,Positive,,,,False
Reddit,r/ClaudeAI,Shots Fired,EstablishmentFun3205,2025-03-21,2025-03-21 04:49:39,2996,0.98,430,https://reddit.com/r/ClaudeAI/comments/1jg91lt/shots_fired/,0,False,"General: Philosophy, science and social issues",1jg91lt,claudeai_top_all,2025-03-21 04:49:39,Shots Fired,5146,0.1435246995994659,False,False,11,2,False,False,0.1818181818181818,4,Friday,False,3,1,2025Q1,-0.5574,0.0,0.783,Negative,,,,False
Reddit,r/ClaudeAI,"Claude Code creator Boris shares his setup with 13 detailed steps,full details below",BuildwithVignesh,2026-01-02,2026-01-02 22:00:27,2968,0.97,180,https://reddit.com/r/ClaudeAI/comments/1q2c0ne/claude_code_creator_boris_shares_his_setup_with/,5683,False,News,1q2c0ne,claudeai_top_all,2026-01-02 22:00:27,"Claude Code creator Boris shares his setup with 13 detailed steps,full details below",3868,0.0606469002695417,False,False,84,13,False,False,0.0357142857142857,22,Friday,False,1,1,2026Q1,0.296,0.155,0.0,Positive,claude code|code|claude,,Claude Code,False
Reddit,r/ClaudeAI,You’re all lucky to be here when it started,_Motoma_,2026-03-08,2026-03-08 21:07:42,2838,0.9,831,https://reddit.com/r/ClaudeAI/comments/1rogixd/youre_all_lucky_to_be_here_when_it_started/,731,True,Philosophy,1rogixd,claudeai_top_all,2026-03-08 21:07:42,You’re all lucky to be here when it started,6993,0.2928118393234672,True,False,43,9,False,False,0.0232558139534883,21,Sunday,True,3,1,2026Q1,0.4215,0.259,0.0,Positive,,,,False
Reddit,r/ClaudeAI,What are dead giveaways for AI slop websites?,Kill_4209,2026-03-29,2026-03-29 05:24:08,2819,0.98,206,https://reddit.com/r/ClaudeAI/comments/1s6mm8o/what_are_dead_giveaways_for_ai_slop_websites/,230,False,Vibe Coding,1s6mm8o,claudeai_top_all,2026-03-29 05:24:08,What are dead giveaways for AI slop websites?,3849,0.0730755587087619,False,False,45,8,True,False,0.0666666666666666,5,Sunday,True,3,1,2026Q1,-0.6486,0.0,0.381,Negative,ai,,,False
Reddit,r/ClaudeAI,Dev jobs are about to get a hard reset and nobody’s ready,Deep_Tale1585,2025-06-22,2025-06-22 05:32:38,2798,0.82,1093,https://reddit.com/r/ClaudeAI/comments/1lhgdbd/dev_jobs_are_about_to_get_a_hard_reset_and/,1572,True,Coding,1lhgdbd,claudeai_top_all,2025-06-22 05:32:38,Dev jobs are about to get a hard reset and nobody’s ready,8263,0.3906361686919228,True,False,57,12,False,False,0.0175438596491228,5,Sunday,True,6,2,2025Q2,0.2732,0.194,0.109,Positive,,,,False
Reddit,r/ClaudeAI,Does this work?!,ipumbassi,2025-07-06,2025-07-06 23:04:33,2770,0.98,158,https://reddit.com/r/ClaudeAI/comments/1lterjp/does_this_work/,0,False,Humor,1lterjp,claudeai_top_all,2025-07-06 23:04:33,Does this work?!,3560,0.0570397111913357,False,False,16,3,True,True,0.0625,23,Sunday,True,7,3,2025Q3,0.0,0.0,0.0,Neutral,,,,False
Reddit,r/ClaudeAI,I Uploaded a 27-Year-Old EXE File to Claude 3.7 and What Happened Next Blew My Mind,cwil192,2025-02-26,2025-02-26 18:34:52,2755,0.94,301,https://reddit.com/r/ClaudeAI/comments/1iyumpf/i_uploaded_a_27yearold_exe_file_to_claude_37_and/,4949,True,Feature: Claude Code tool,1iyumpf,claudeai_top_all,2025-02-26 18:34:52,I Uploaded a 27-Year-Old EXE File to Claude 3.7 and What Happened Next Blew My Mind,4260,0.1092558983666061,False,False,83,16,False,False,0.180722891566265,18,Wednesday,False,2,1,2025Q1,0.0,0.0,0.0,Neutral,claude,,,False
Reddit,r/ClaudeAI,I laugh so hard when it happens,nickolasdeluca,2026-03-03,2026-03-03 23:12:48,2748,0.98,92,https://reddit.com/r/ClaudeAI/comments/1rk4tkh/i_laugh_so_hard_when_it_happens/,0,False,Humor,1rk4tkh,claudeai_top_all,2026-03-03 23:12:48,I laugh so hard when it happens,3208,0.0334788937409024,False,False,31,7,False,False,0.032258064516129,23,Tuesday,False,3,1,2026Q1,0.4417,0.387,0.182,Positive,,,,False
Reddit,r/ClaudeAI,I blew $417 on Claude Code to build a word game. Here's the brutal truth.,itsnotatumour,2025-04-02,2025-04-02 02:01:59,2738,0.97,627,https://reddit.com/r/ClaudeAI/comments/1jpddbf/i_blew_417_on_claude_code_to_build_a_word_game/,3622,True,Feature: Claude Code tool,1jpddbf,claudeai_top_all,2025-04-02 02:01:59,I blew $417 on Claude Code to build a word game. Here's the brutal truth.,5873,0.2289992695398101,True,False,73,15,False,False,0.0547945205479452,2,Wednesday,False,4,2,2025Q2,-0.4215,0.132,0.236,Negative,claude code|code|claude,,Claude Code,False
